postcodes,district,county,district_county
3750,Aveiro,Águeda,Aveiro_Águeda
3754,Aveiro,Águeda,Aveiro_Águeda
3850,Aveiro,Albergaria-a-Velha,Aveiro_Albergaria-a-Velha
3780,Aveiro,Anadia,Aveiro_Anadia
4540,Aveiro,Arouca,Aveiro_Arouca
3810,Aveiro,Aveiro,Aveiro_Aveiro
3800,Aveiro,Aveiro,Aveiro_Aveiro
3804,Aveiro,Aveiro,Aveiro_Aveiro
3814,Aveiro,Aveiro,Aveiro_Aveiro
3813,Aveiro,Aveiro,Aveiro_Aveiro
4550,Aveiro,Castelo de Paiva,Aveiro_Castelo de Paiva
4500,Aveiro,Espinho,Aveiro_Espinho
4504,Aveiro,Espinho,Aveiro_Espinho
3860,Aveiro,Estarreja,Aveiro_Estarreja
3864,Aveiro,Estarreja,Aveiro_Estarreja
3870,Aveiro,Murtosa,Aveiro_Murtosa
3865,Aveiro,Estarreja,Aveiro_Estarreja
3830,Aveiro,Ílhavo,Aveiro_Ílhavo
3050,Aveiro,Mealhada,Aveiro_Mealhada
3054,Aveiro,Mealhada,Aveiro_Mealhada
3720,Aveiro,Oliveira de Azeméis,Aveiro_Oliveira de Azeméis
3700,Aveiro,Oliveira de Azeméis,Aveiro_Oliveira de Azeméis
3770,Aveiro,Oliveira do Bairro,Aveiro_Oliveira do Bairro
3774,Aveiro,Oliveira do Bairro,Aveiro_Oliveira do Bairro
3885,Aveiro,Ovar,Aveiro_Ovar
3880,Aveiro,Ovar,Aveiro_Ovar
3884,Aveiro,Ovar,Aveiro_Ovar
4505,Aveiro,Santa Maria da Feira,Aveiro_Santa Maria da Feira
3700,Aveiro,Santa Maria da Feira,Aveiro_Santa Maria da Feira
4525,Aveiro,Santa Maria da Feira,Aveiro_Santa Maria da Feira
4520,Aveiro,Santa Maria da Feira,Aveiro_Santa Maria da Feira
4535,Aveiro,Santa Maria da Feira,Aveiro_Santa Maria da Feira
4500,Aveiro,Santa Maria da Feira,Aveiro_Santa Maria da Feira
3700,Aveiro,São João da Madeira,Aveiro_São João da Madeira
3701,Aveiro,São João da Madeira,Aveiro_São João da Madeira
3740,Aveiro,Sever do Vouga,Aveiro_Sever do Vouga
3744,Aveiro,Sever do Vouga,Aveiro_Sever do Vouga
3840,Aveiro,Vagos,Aveiro_Vagos
3730,Aveiro,Vale de Cambra,Aveiro_Vale de Cambra
3734,Aveiro,Vale de Cambra,Aveiro_Vale de Cambra
7600,Beja,Aljustrel,Beja_Aljustrel
7604,Beja,Aljustrel,Beja_Aljustrel
7700,Beja,Almodôvar,Beja_Almodôvar
7920,Beja,Alvito,Beja_Alvito
7924,Beja,Alvito,Beja_Alvito
7230,Beja,Barrancos,Beja_Barrancos
7800,Beja,Beja,Beja_Beja
7801,Beja,Beja,Beja_Beja
7780,Beja,Castro Verde,Beja_Castro Verde
7940,Beja,Cuba,Beja_Cuba
7900,Beja,Ferreira do Alentejo,Beja_Ferreira do Alentejo
7750,Beja,Mértola,Beja_Mértola
7754,Beja,Mértola,Beja_Mértola
7885,Beja,Moura,Beja_Moura
7875,Beja,Moura,Beja_Moura
7860,Beja,Moura,Beja_Moura
7864,Beja,Moura,Beja_Moura
7630,Beja,Odemira,Beja_Odemira
7665,Beja,Odemira,Beja_Odemira
7645,Beja,Odemira,Beja_Odemira
7670,Beja,Ourique,Beja_Ourique
7830,Beja,Serpa,Beja_Serpa
7960,Beja,Vidigueira,Beja_Vidigueira
4720,Braga,Amares,Braga_Amares
4750,Braga,Barcelos,Braga_Barcelos
4755,Braga,Barcelos,Braga_Barcelos
4905,Braga,Barcelos,Braga_Barcelos
4754,Braga,Barcelos,Braga_Barcelos
4740,Braga,Barcelos,Braga_Barcelos
4775,Braga,Barcelos,Braga_Barcelos
4710,Braga,Braga,Braga_Braga
4705,Braga,Braga,Braga_Braga
4709,Braga,Braga,Braga_Braga
4700,Braga,Braga,Braga_Braga
4704,Braga,Braga,Braga_Braga
4714,Braga,Braga,Braga_Braga
4715,Braga,Braga,Braga_Braga
4719,Braga,Braga,Braga_Braga
4860,Braga,Cabeceiras de Basto,Braga_Cabeceiras de Basto
4615,Braga,Celorico de Basto,Braga_Celorico de Basto
4890,Braga,Celorico de Basto,Braga_Celorico de Basto
4820,Braga,Celorico de Basto,Braga_Celorico de Basto
4740,Braga,Esposende,Braga_Esposende
4820,Braga,Fafe,Braga_Fafe
4824,Braga,Fafe,Braga_Fafe
4810,Braga,Guimarães,Braga_Guimarães
4805,Braga,Guimarães,Braga_Guimarães
4765,Braga,Guimarães,Braga_Guimarães
4800,Braga,Guimarães,Braga_Guimarães
4804,Braga,Guimarães,Braga_Guimarães
4809,Braga,Guimarães,Braga_Guimarães
4815,Braga,Guimarães,Braga_Guimarães
4835,Braga,Guimarães,Braga_Guimarães
4815,Braga,Vizela,Braga_Vizela
4839,Braga,Guimarães,Braga_Guimarães
4814,Braga,Guimarães,Braga_Guimarães
4830,Braga,Póvoa de Lanhoso,Braga_Póvoa de Lanhoso
4840,Braga,Terras de Bouro,Braga_Terras de Bouro
4845,Braga,Terras de Bouro,Braga_Terras de Bouro
4850,Braga,Vieira do Minho,Braga_Vieira do Minho
4770,Braga,Vila Nova de Famalicão,Braga_Vila Nova de Famalicão
4760,Braga,Vila Nova de Famalicão,Braga_Vila Nova de Famalicão
4775,Braga,Vila Nova de Famalicão,Braga_Vila Nova de Famalicão
4765,Braga,Vila Nova de Famalicão,Braga_Vila Nova de Famalicão
4764,Braga,Vila Nova de Famalicão,Braga_Vila Nova de Famalicão
4763,Braga,Vila Nova de Famalicão,Braga_Vila Nova de Famalicão
4730,Braga,Vila Verde,Braga_Vila Verde
4620,Braga,Vizela,Braga_Vizela
5350,Bragança,Alfândega da Fé,Bragança_Alfândega da Fé
5300,Bragança,Bragança,Bragança_Bragança
5301,Bragança,Bragança,Bragança_Bragança
5140,Bragança,Carrazeda de Ansiães,Bragança_Carrazeda de Ansiães
5180,Bragança,Freixo de Espada à Cinta,Bragança_Freixo de Espada à Cinta
5340,Bragança,Macedo de Cavaleiros,Bragança_Macedo de Cavaleiros
5225,Bragança,Miranda do Douro,Bragança_Miranda do Douro
5210,Bragança,Miranda do Douro,Bragança_Miranda do Douro
5370,Bragança,Mirandela,Bragança_Mirandela
5385,Bragança,Mirandela,Bragança_Mirandela
5374,Bragança,Mirandela,Bragança_Mirandela
5200,Bragança,Mogadouro,Bragança_Mogadouro
5350,Bragança,Mogadouro,Bragança_Mogadouro
5204,Bragança,Mogadouro,Bragança_Mogadouro
5160,Bragança,Torre de Moncorvo,Bragança_Torre de Moncorvo
5164,Bragança,Torre de Moncorvo,Bragança_Torre de Moncorvo
5360,Bragança,Vila Flor,Bragança_Vila Flor
5230,Bragança,Vimioso,Bragança_Vimioso
5335,Bragança,Vinhais,Bragança_Vinhais
5320,Bragança,Vinhais,Bragança_Vinhais
6250,Castelo Branco,Belmonte,Castelo Branco_Belmonte
6005,Castelo Branco,Castelo Branco,Castelo Branco_Castelo Branco
6000,Castelo Branco,Castelo Branco,Castelo Branco_Castelo Branco
6004,Castelo Branco,Castelo Branco,Castelo Branco_Castelo Branco
6225,Castelo Branco,Covilhã,Castelo Branco_Covilhã
6200,Castelo Branco,Covilhã,Castelo Branco_Covilhã
6215,Castelo Branco,Covilhã,Castelo Branco_Covilhã
6201,Castelo Branco,Covilhã,Castelo Branco_Covilhã
6230,Castelo Branco,Covilhã,Castelo Branco_Covilhã
6230,Castelo Branco,Fundão,Castelo Branco_Fundão
6185,Castelo Branco,Fundão,Castelo Branco_Fundão
6005,Castelo Branco,Fundão,Castelo Branco_Fundão
6060,Castelo Branco,Idanha-a-Nova,Castelo Branco_Idanha-a-Nova
6160,Castelo Branco,Oleiros,Castelo Branco_Oleiros
6185,Castelo Branco,Oleiros,Castelo Branco_Oleiros
6090,Castelo Branco,Penamacor,Castelo Branco_Penamacor
6320,Castelo Branco,Penamacor,Castelo Branco_Penamacor
6150,Castelo Branco,Proença-a-Nova,Castelo Branco_Proença-a-Nova
6100,Castelo Branco,Sertã,Castelo Branco_Sertã
6110,Castelo Branco,Vila de Rei,Castelo Branco_Vila de Rei
6030,Castelo Branco,Vila Velha de Ródão,Castelo Branco_Vila Velha de Ródão
3305,Coimbra,Arganil,Coimbra_Arganil
3300,Coimbra,Arganil,Coimbra_Arganil
3060,Coimbra,Cantanhede,Coimbra_Cantanhede
3064,Coimbra,Cantanhede,Coimbra_Cantanhede
3040,Coimbra,Coimbra,Coimbra_Coimbra
3045,Coimbra,Coimbra,Coimbra_Coimbra
3025,Coimbra,Coimbra,Coimbra_Coimbra
3020,Coimbra,Coimbra,Coimbra_Coimbra
3030,Coimbra,Coimbra,Coimbra_Coimbra
3044,Coimbra,Coimbra,Coimbra_Coimbra
3004,Coimbra,Coimbra,Coimbra_Coimbra
3000,Coimbra,Coimbra,Coimbra_Coimbra
3034,Coimbra,Coimbra,Coimbra_Coimbra
3049,Coimbra,Coimbra,Coimbra_Coimbra
3020,Aveiro,Mealhada,Aveiro_Mealhada
3048,Coimbra,Coimbra,Coimbra_Coimbra
3150,Coimbra,Condeixa-a-Nova,Coimbra_Condeixa-a-Nova
3154,Coimbra,Condeixa-a-Nova,Coimbra_Condeixa-a-Nova
3090,Coimbra,Figueira da Foz,Coimbra_Figueira da Foz
3080,Coimbra,Figueira da Foz,Coimbra_Figueira da Foz
3094,Coimbra,Figueira da Foz,Coimbra_Figueira da Foz
3084,Coimbra,Figueira da Foz,Coimbra_Figueira da Foz
3330,Coimbra,Góis,Coimbra_Góis
3334,Coimbra,Góis,Coimbra_Góis
3200,Coimbra,Lousã,Coimbra_Lousã
3070,Coimbra,Mira,Coimbra_Mira
3074,Coimbra,Mira,Coimbra_Mira
3220,Coimbra,Miranda do Corvo,Coimbra_Miranda do Corvo
3140,Coimbra,Montemor-o-Velho,Coimbra_Montemor-o-Velho
3144,Coimbra,Montemor-o-Velho,Coimbra_Montemor-o-Velho
3400,Coimbra,Oliveira do Hospital,Coimbra_Oliveira do Hospital
3405,Coimbra,Oliveira do Hospital,Coimbra_Oliveira do Hospital
3404,Coimbra,Oliveira do Hospital,Coimbra_Oliveira do Hospital
3320,Coimbra,Pampilhosa da Serra,Coimbra_Pampilhosa da Serra
3360,Coimbra,Penacova,Coimbra_Penacova
3230,Coimbra,Penela,Coimbra_Penela
3234,Coimbra,Penela,Coimbra_Penela
3130,Coimbra,Soure,Coimbra_Soure
3420,Coimbra,Tábua,Coimbra_Tábua
3350,Coimbra,Vila Nova de Poiares,Coimbra_Vila Nova de Poiares
7250,Évora,Alandroal,Évora_Alandroal
7154,Évora,Borba,Évora_Borba
7200,Évora,Alandroal,Évora_Alandroal
7040,Évora,Arraiolos,Évora_Arraiolos
7150,Évora,Borba,Évora_Borba
7100,Évora,Estremoz,Évora_Estremoz
7005,Évora,Évora,Évora_Évora
7000,Évora,Évora,Évora_Évora
7004,Évora,Évora,Évora_Évora
7009,Évora,Évora,Évora_Évora
7200,Évora,Évora,Évora_Évora
7050,Évora,Montemor-o-Novo,Évora_Montemor-o-Novo
7490,Évora,Mora,Évora_Mora
7240,Évora,Mourão,Évora_Mourão
7244,Évora,Mourão,Évora_Mourão
7220,Évora,Portel,Évora_Portel
7200,Évora,Redondo,Évora_Redondo
7170,Évora,Redondo,Évora_Redondo
7200,Évora,Reguengos de Monsaraz,Évora_Reguengos de Monsaraz
2965,Évora,Vendas Novas,Évora_Vendas Novas
7080,Évora,Vendas Novas,Évora_Vendas Novas
7090,Évora,Viana do Alentejo,Évora_Viana do Alentejo
7160,Évora,Vila Viçosa,Évora_Vila Viçosa
8200,Faro,Albufeira,Faro_Albufeira
8201,Faro,Albufeira,Faro_Albufeira
8203,Faro,Albufeira,Faro_Albufeira
8970,Faro,Alcoutim,Faro_Alcoutim
8670,Faro,Aljezur,Faro_Aljezur
8950,Faro,Castro Marim,Faro_Castro Marim
8954,Faro,Castro Marim,Faro_Castro Marim
8009,Faro,Faro,Faro_Faro
8005,Faro,Faro,Faro_Faro
8000,Faro,Faro,Faro_Faro
8004,Faro,Faro,Faro_Faro
8400,Faro,Lagoa,Faro_Lagoa 
8401,Faro,Lagoa,Faro_Lagoa 
8600,Faro,Lagos,Faro_Lagos
8601,Faro,Lagos,Faro_Lagos
8604,Faro,Lagos,Faro_Lagos
8135,Faro,Loulé,Faro_Loulé
8100,Faro,Loulé,Faro_Loulé
8136,Faro,Loulé,Faro_Loulé
8104,Faro,Loulé,Faro_Loulé
8125,Faro,Loulé,Faro_Loulé
8550,Faro,Monchique,Faro_Monchique
8700,Faro,Olhão,Faro_Olhão
8500,Faro,Portimão,Faro_Portimão
8501,Faro,Portimão,Faro_Portimão
8150,Faro,São Brás de Alportel,Faro_São Brás de Alportel
8365,Faro,Silves,Faro_Silves
8375,Faro,Silves,Faro_Silves
8300,Faro,Silves,Faro_Silves
8800,Faro,Tavira,Faro_Tavira
8801,Faro,Tavira,Faro_Tavira
8804,Faro,Tavira,Faro_Tavira
8650,Faro,Vila do Bispo,Faro_Vila do Bispo
8900,Faro,Vila Real de Santo António,Faro_Vila Real de Santo António
3570,Guarda,Aguiar da Beira,Guarda_Aguiar da Beira
6355,Guarda,Almeida,Guarda_Almeida
6350,Guarda,Almeida,Guarda_Almeida
6360,Guarda,Celorico da Beira,Guarda_Celorico da Beira
6440,Guarda,Figueira de Castelo Rodrigo,Guarda_Figueira de Castelo Rodrigo
6370,Guarda,Fornos de Algodres,Guarda_Fornos de Algodres
6290,Guarda,Gouveia,Guarda_Gouveia
6294,Guarda,Gouveia,Guarda_Gouveia
6300,Guarda,Guarda,Guarda_Guarda
6301,Guarda,Guarda,Guarda_Guarda
6260,Guarda,Manteigas,Guarda_Manteigas
6264,Guarda,Manteigas,Guarda_Manteigas
6430,Guarda,Mêda,Guarda_Meda
6400,Guarda,Pinhel,Guarda_Pinhel
6320,Guarda,Sabugal,Guarda_Sabugal
6250,Guarda,Sabugal,Guarda_Sabugal
6324,Guarda,Sabugal,Guarda_Sabugal
6270,Guarda,Seia,Guarda_Seia
6274,Guarda,Seia,Guarda_Seia
6285,Guarda,Seia,Guarda_Seia
6420,Guarda,Trancoso,Guarda_Trancoso
3640,Guarda,Trancoso,Guarda_Trancoso
6424,Guarda,Trancoso,Guarda_Trancoso
5150,Guarda,Vila Nova de Foz Côa,Guarda_Vila Nova de Foz Côa
5155,Guarda,Vila Nova de Foz Côa,Guarda_Vila Nova de Foz Côa
9980,Ilha do Corvo,Corvo,Ilha do Corvo_Corvo
9900,Ilha do Faial,Horta,Ilha do Faial_Horta
9901,Ilha do Faial,Horta,Ilha do Faial_Horta
9904,Ilha do Faial,Horta,Ilha do Faial_Horta
9960,Ilha das Flores,Lajes das Flores,Ilha das Flores_Lajes das Flores
9970,Ilha das Flores,Santa Cruz das Flores,Ilha das Flores_Santa Cruz das Flores
9880,Ilha da Graciosa,Santa Cruz da Graciosa,Ilha da Graciosa_Santa Cruz da Graciosa
9370,Ilha da Madeira,Calheta_Madeira,Ilha da Madeira_Calheta 
9374,Ilha da Madeira,Calheta_Madeira,Ilha da Madeira_Calheta 
9385,Ilha da Madeira,Calheta_Madeira,Ilha da Madeira_Calheta 
9300,Ilha da Madeira,Câmara de Lobos,Ilha da Madeira_Câmara de Lobos
9304,Ilha da Madeira,Câmara de Lobos,Ilha da Madeira_Câmara de Lobos
9030,Ilha da Madeira,Câmara de Lobos,Ilha da Madeira_Câmara de Lobos
9325,Ilha da Madeira,Câmara de Lobos,Ilha da Madeira_Câmara de Lobos
9050,Ilha da Madeira,Funchal,Ilha da Madeira_Funchal
9054,Ilha da Madeira,Funchal,Ilha da Madeira_Funchal
9060,Ilha da Madeira,Funchal,Ilha da Madeira_Funchal
9004,Ilha da Madeira,Funchal,Ilha da Madeira_Funchal
9000,Ilha da Madeira,Funchal,Ilha da Madeira_Funchal
9064,Ilha da Madeira,Funchal,Ilha da Madeira_Funchal
9020,Ilha da Madeira,Funchal,Ilha da Madeira_Funchal
9024,Ilha da Madeira,Funchal,Ilha da Madeira_Funchal
9200,Ilha da Madeira,Machico,Ilha da Madeira_Machico
9225,Ilha da Madeira,Machico,Ilha da Madeira_Machico
9360,Ilha da Madeira,Ponta do Sol,Ilha da Madeira_Ponta do Sol
9270,Ilha da Madeira,Porto Moniz,Ilha da Madeira_Porto Moniz
9350,Ilha da Madeira,Ribeira Brava,Ilha da Madeira_Ribeira Brava
9135,Ilha da Madeira,Santa Cruz,Ilha da Madeira_Santa Cruz
9125,Ilha da Madeira,Santa Cruz,Ilha da Madeira_Santa Cruz
9100,Ilha da Madeira,Santa Cruz,Ilha da Madeira_Santa Cruz
9230,Ilha da Madeira,Santana,Ilha da Madeira_Santana
9240,Ilha da Madeira,São Vicente,Ilha da Madeira_São Vicente
9930,Ilha do Pico,Lajes do Pico,Ilha do Pico_Lajes do Pico
9934,Ilha do Pico,Lajes do Pico,Ilha do Pico_Lajes do Pico
9950,Ilha do Pico,Madalena,Ilha do Pico_Madalena
9940,Ilha do Pico,São Roque do Pico,Ilha do Pico_São Roque do Pico
9944,Ilha do Pico,São Roque do Pico,Ilha do Pico_São Roque do Pico
9400,Ilha de Porto Santo,Porto Santo,Ilha de Porto Santo_Porto Santo
9580,Ilha de Santa Maria,Vila do Porto,Ilha de Santa Maria_Vila do Porto
9850,Ilha de São Jorge,Calheta_Azores,Ilha de São Jorge_Calheta 
9875,Ilha de São Jorge,Calheta_Azores,Ilha de São Jorge_Calheta 
9800,Ilha de São Jorge,Velas,Ilha de São Jorge_Velas
9804,Ilha de São Jorge,Velas,Ilha de São Jorge_Velas
9560,Ilha de São Miguel,Lagoa_Azores,Ilha de São Miguel_Lagoa 
9630,Ilha de São Miguel,Nordeste,Ilha de São Miguel_Nordeste
9545,Ilha de São Miguel,Ponta Delgada,Ilha de São Miguel_Ponta Delgada
9500,Ilha de São Miguel,Ponta Delgada,Ilha de São Miguel_Ponta Delgada
9504,Ilha de São Miguel,Ponta Delgada,Ilha de São Miguel_Ponta Delgada
9555,Ilha de São Miguel,Ponta Delgada,Ilha de São Miguel_Ponta Delgada
9650,Ilha de São Miguel,Povoação,Ilha de São Miguel_Povoação
9675,Ilha de São Miguel,Povoação,Ilha de São Miguel_Povoação
9600,Ilha de São Miguel,Ribeira Grande,Ilha de São Miguel_Ribeira Grande
9625,Ilha de São Miguel,Ribeira Grande,Ilha de São Miguel_Ribeira Grande
9680,Ilha de São Miguel,Vila Franca do Campo,Ilha de São Miguel_Vila Franca do Campo
9684,Ilha de São Miguel,Vila Franca do Campo,Ilha de São Miguel_Vila Franca do Campo
9700,Ilha Terceira,Angra do Heroísmo,Ilha Terceira_Angra do Heroísmo
9701,Ilha Terceira,Angra do Heroísmo,Ilha Terceira_Angra do Heroísmo
9760,Ilha Terceira,Vila da Praia da Vitória,Ilha Terceira_Praia da Vitória
2460,Leiria,Alcobaça,Leiria_Alcobaça
2461,Leiria,Alcobaça,Leiria_Alcobaça
2475,Leiria,Alcobaça,Leiria_Alcobaça
2445,Leiria,Alcobaça,Leiria_Alcobaça
3250,Leiria,Alvaiázere,Leiria_Alvaiázere
3254,Leiria,Alvaiázere,Leiria_Alvaiázere
3260,Leiria,Alvaiázere,Leiria_Alvaiázere
3240,Leiria,Ansião,Leiria_Ansião
2440,Leiria,Batalha,Leiria_Batalha
2495,Leiria,Batalha,Leiria_Batalha
2540,Leiria,Bombarral,Leiria_Bombarral
2500,Leiria,Caldas da Rainha,Leiria_Caldas da Rainha
2504,Leiria,Caldas da Rainha,Leiria_Caldas da Rainha
3280,Leiria,Castanheira de Pêra,Leiria_Castanheira de Pêra
3260,Leiria,Figueiró dos Vinhos,Leiria_Figueiró dos Vinhos
2400,Leiria,Leiria,Leiria_Leiria
2404,Leiria,Leiria,Leiria_Leiria
2420,Leiria,Leiria,Leiria_Leiria
2424,Leiria,Leiria,Leiria_Leiria
2425,Leiria,Leiria,Leiria_Leiria
2410,Leiria,Leiria,Leiria_Leiria
2415,Leiria,Leiria,Leiria_Leiria
2419,Leiria,Leiria,Leiria_Leiria
2423,Leiria,Leiria,Leiria_Leiria
2495,Leiria,Leiria,Leiria_Leiria
2414,Leiria,Leiria,Leiria_Leiria
2405,Leiria,Leiria,Leiria_Leiria
2499,Leiria,Leiria,Leiria_Leiria
2430,Leiria,Marinha Grande,Leiria_Marinha Grande
2434,Leiria,Marinha Grande,Leiria_Marinha Grande
2445,Leiria,Marinha Grande,Leiria_Marinha Grande
2450,Leiria,Nazaré,Leiria_Nazaré
2510,Leiria,Óbidos,Leiria_Óbidos
3270,Leiria,Pedrógão Grande,Leiria_Pedrógão Grande
2525,Leiria,Peniche,Leiria_Peniche
2520,Leiria,Peniche,Leiria_Peniche
3100,Leiria,Pombal,Leiria_Pombal
3105,Leiria,Pombal,Leiria_Pombal
3104,Leiria,Pombal,Leiria_Pombal
2480,Leiria,Porto de Mós,Leiria_Porto de Mós
2485,Leiria,Porto de Mós,Leiria_Porto de Mós
2484,Leiria,Porto de Mós,Leiria_Porto de Mós
2580,Lisboa,Alenquer,Lisboa_Alenquer
2581,Lisboa,Alenquer,Lisboa_Alenquer
2584,Lisboa,Alenquer,Lisboa_Alenquer
2650,Lisboa,Amadora,Lisboa_Amadora
2614,Lisboa,Amadora,Lisboa_Amadora
2610,Lisboa,Amadora,Lisboa_Amadora
2700,Lisboa,Amadora,Lisboa_Amadora
2720,Lisboa,Amadora,Lisboa_Amadora
2704,Lisboa,Amadora,Lisboa_Amadora
2724,Lisboa,Amadora,Lisboa_Amadora
2654,Lisboa,Amadora,Lisboa_Amadora
2630,Lisboa,Arruda dos Vinhos,Lisboa_Arruda dos Vinhos
2634,Lisboa,Arruda dos Vinhos,Lisboa_Arruda dos Vinhos
2065,Lisboa,Azambuja,Lisboa_Azambuja
2050,Lisboa,Azambuja,Lisboa_Azambuja
2054,Lisboa,Azambuja,Lisboa_Azambuja
2550,Lisboa,Cadaval,Lisboa_Cadaval
2755,Lisboa,Cascais,Lisboa_Cascais
2645,Lisboa,Cascais,Lisboa_Cascais
2649,Lisboa,Cascais,Lisboa_Cascais
2756,Lisboa,Cascais,Lisboa_Cascais
2775,Lisboa,Cascais,Lisboa_Cascais
2750,Lisboa,Cascais,Lisboa_Cascais
2765,Lisboa,Cascais,Lisboa_Cascais
2769,Lisboa,Cascais,Lisboa_Cascais
2785,Lisboa,Cascais,Lisboa_Cascais
2779,Lisboa,Cascais,Lisboa_Cascais
2754,Lisboa,Cascais,Lisboa_Cascais
2789,Lisboa,Cascais,Lisboa_Cascais
1300,Lisboa,Lisboa,Lisboa_Lisboa
1400,Lisboa,Lisboa,Lisboa_Lisboa
1349,Lisboa,Lisboa,Lisboa_Lisboa
1070,Lisboa,Lisboa,Lisboa_Lisboa
1350,Lisboa,Lisboa,Lisboa_Lisboa
1449,Lisboa,Lisboa,Lisboa_Lisboa
1900,Lisboa,Lisboa,Lisboa_Lisboa
1949,Lisboa,Lisboa,Lisboa_Lisboa
1000,Lisboa,Lisboa,Lisboa_Lisboa
1049,Lisboa,Lisboa,Lisboa_Lisboa
1700,Lisboa,Lisboa,Lisboa_Lisboa
1749,Lisboa,Lisboa,Lisboa_Lisboa
1150,Lisboa,Lisboa,Lisboa_Lisboa
1169,Lisboa,Lisboa,Lisboa_Lisboa
1600,Lisboa,Lisboa,Lisboa_Lisboa
1050,Lisboa,Lisboa,Lisboa_Lisboa
1069,Lisboa,Lisboa,Lisboa_Lisboa
1649,Lisboa,Lisboa,Lisboa_Lisboa
1750,Lisboa,Lisboa,Lisboa_Lisboa
1769,Lisboa,Lisboa,Lisboa_Lisboa
1500,Lisboa,Lisboa,Lisboa_Lisboa
1170,Lisboa,Lisboa,Lisboa_Lisboa
1199,Lisboa,Lisboa,Lisboa_Lisboa
1100,Lisboa,Lisboa,Lisboa_Lisboa
1149,Lisboa,Lisboa,Lisboa_Lisboa
1950,Lisboa,Lisboa,Lisboa_Lisboa
1549,Lisboa,Lisboa,Lisboa_Lisboa
1800,Lisboa,Lisboa,Lisboa_Lisboa
1099,Lisboa,Lisboa,Lisboa_Lisboa
1098,Lisboa,Lisboa,Lisboa_Lisboa
1250,Lisboa,Lisboa,Lisboa_Lisboa
1269,Lisboa,Lisboa,Lisboa_Lisboa
1200,Lisboa,Lisboa,Lisboa_Lisboa
1249,Lisboa,Lisboa,Lisboa_Lisboa
1399,Lisboa,Lisboa,Lisboa_Lisboa
1849,Lisboa,Lisboa,Lisboa_Lisboa
1959,Lisboa,Lisboa,Lisboa_Lisboa
1067,Lisboa,Lisboa,Lisboa_Lisboa
1990,Lisboa,Lisboa,Lisboa_Lisboa
1998,Lisboa,Lisboa,Lisboa_Lisboa
1999,Lisboa,Lisboa,Lisboa_Lisboa
1748,Lisboa,Lisboa,Lisboa_Lisboa
1068,Lisboa,Lisboa,Lisboa_Lisboa
2680,Lisboa,Loures,Lisboa_Loures
2695,Lisboa,Loures,Lisboa_Loures
2699,Lisboa,Loures,Lisboa_Loures
2670,Lisboa,Loures,Lisboa_Loures
2674,Lisboa,Loures,Lisboa_Loures
2681,Lisboa,Loures,Lisboa_Loures
2660,Lisboa,Loures,Lisboa_Loures
1885,Lisboa,Loures,Lisboa_Loures
1886,Lisboa,Loures,Lisboa_Loures
2685,Lisboa,Loures,Lisboa_Loures
2689,Lisboa,Loures,Lisboa_Loures
2688,Lisboa,Loures,Lisboa_Loures
2690,Lisboa,Loures,Lisboa_Loures
2694,Lisboa,Loures,Lisboa_Loures
2691,Lisboa,Loures,Lisboa_Loures
2664,Lisboa,Loures,Lisboa_Loures
2530,Lisboa,Lourinhã,Lisboa_Lourinhã
2665,Lisboa,Mafra,Lisboa_Mafra
2655,Lisboa,Mafra,Lisboa_Mafra
2640,Lisboa,Mafra,Lisboa_Mafra
2644,Lisboa,Mafra,Lisboa_Mafra
2659,Lisboa,Mafra,Lisboa_Mafra
2669,Lisboa,Mafra,Lisboa_Mafra
1685,Lisboa,Odivelas,Lisboa_Odivelas
2620,Lisboa,Odivelas,Lisboa_Odivelas
1689,Lisboa,Odivelas,Lisboa_Odivelas
2675,Lisboa,Odivelas,Lisboa_Odivelas
1675,Lisboa,Odivelas,Lisboa_Odivelas
1679,Lisboa,Odivelas,Lisboa_Odivelas
2621,Lisboa,Odivelas,Lisboa_Odivelas
1495,Lisboa,Oeiras,Lisboa_Oeiras
1499,Lisboa,Oeiras,Lisboa_Oeiras
2790,Lisboa,Oeiras,Lisboa_Oeiras
2760,Lisboa,Oeiras,Lisboa_Oeiras
2730,Lisboa,Oeiras,Lisboa_Oeiras
2734,Lisboa,Oeiras,Lisboa_Oeiras
2794,Lisboa,Oeiras,Lisboa_Oeiras
2761,Lisboa,Oeiras,Lisboa_Oeiras
2795,Lisboa,Oeiras,Lisboa_Oeiras
2799,Lisboa,Oeiras,Lisboa_Oeiras
2780,Lisboa,Oeiras,Lisboa_Oeiras
2784,Lisboa,Oeiras,Lisboa_Oeiras
2770,Lisboa,Oeiras,Lisboa_Oeiras
2774,Lisboa,Oeiras,Lisboa_Oeiras
2740,Lisboa,Oeiras,Lisboa_Oeiras
2744,Lisboa,Oeiras,Lisboa_Oeiras
2735,Lisboa,Sintra,Lisboa_Sintra
2739,Lisboa,Sintra,Lisboa_Sintra
2725,Lisboa,Sintra,Lisboa_Sintra
2729,Lisboa,Sintra,Lisboa_Sintra
2605,Lisboa,Sintra,Lisboa_Sintra
2715,Lisboa,Sintra,Lisboa_Sintra
2609,Lisboa,Sintra,Lisboa_Sintra
2745,Lisboa,Sintra,Lisboa_Sintra
2705,Lisboa,Sintra,Lisboa_Sintra
2710,Lisboa,Sintra,Lisboa_Sintra
2749,Lisboa,Sintra,Lisboa_Sintra
2718,Lisboa,Sintra,Lisboa_Sintra
2635,Lisboa,Sintra,Lisboa_Sintra
2639,Lisboa,Sintra,Lisboa_Sintra
2709,Lisboa,Sintra,Lisboa_Sintra
2714,Lisboa,Sintra,Lisboa_Sintra
2719,Lisboa,Sintra,Lisboa_Sintra
2706,Lisboa,Sintra,Lisboa_Sintra
2590,Lisboa,Sobral de Monte Agraço,Lisboa_Sobral de Monte Agraço
2594,Lisboa,Sobral de Monte Agraço,Lisboa_Sobral de Monte Agraço
2560,Lisboa,Torres Vedras,Lisboa_Torres Vedras
2565,Lisboa,Torres Vedras,Lisboa_Torres Vedras
2600,Lisboa,Vila Franca de Xira,Lisboa_Vila Franca de Xira
2601,Lisboa,Vila Franca de Xira,Lisboa_Vila Franca de Xira
2615,Lisboa,Vila Franca de Xira,Lisboa_Vila Franca de Xira
2619,Lisboa,Vila Franca de Xira,Lisboa_Vila Franca de Xira
2625,Lisboa,Vila Franca de Xira,Lisboa_Vila Franca de Xira
2626,Lisboa,Vila Franca de Xira,Lisboa_Vila Franca de Xira
2628,Lisboa,Vila Franca de Xira,Lisboa_Vila Franca de Xira
2629,Lisboa,Vila Franca de Xira,Lisboa_Vila Franca de Xira
7440,Portalegre,Alter do Chão,Portalegre_Alter do Chão
7340,Portalegre,Arronches,Portalegre_Arronches
7480,Portalegre,Avis,Portalegre_Avis
7370,Portalegre,Campo Maior,Portalegre_Campo Maior
7374,Portalegre,Campo Maior,Portalegre_Campo Maior
7320,Portalegre,Castelo de Vide,Portalegre_Castelo de Vide
7430,Portalegre,Crato,Portalegre_Crato
7350,Portalegre,Elvas,Portalegre_Elvas
7354,Portalegre,Elvas,Portalegre_Elvas
7460,Portalegre,Fronteira,Portalegre_Fronteira
7464,Portalegre,Fronteira,Portalegre_Fronteira
6040,Portalegre,Gavião,Portalegre_Gavião
7330,Portalegre,Marvão,Portalegre_Marvão
7450,Portalegre,Monforte,Portalegre_Monforte
6050,Portalegre,Nisa,Portalegre_Nisa
7425,Portalegre,Ponte de Sor,Portalegre_Ponte de Sor
7400,Portalegre,Ponte de Sor,Portalegre_Ponte de Sor
7300,Portalegre,Portalegre,Portalegre_Portalegre
7301,Portalegre,Portalegre,Portalegre_Portalegre
7470,Portalegre,Sousel,Portalegre_Sousel
4600,Porto,Amarante,Porto_Amarante
4605,Porto,Amarante,Porto_Amarante
4615,Porto,Amarante,Porto_Amarante
4640,Porto,Baião,Porto_Baião
5040,Porto,Baião,Porto_Baião
4650,Porto,Felgueiras,Porto_Felgueiras
4615,Porto,Felgueiras,Porto_Felgueiras
4610,Porto,Felgueiras,Porto_Felgueiras
4614,Porto,Felgueiras,Porto_Felgueiras
4620,Porto,Lousada,Porto_Lousada
4815,Porto,Felgueiras,Porto_Felgueiras
4435,Porto,Gondomar,Porto_Gondomar
4510,Porto,Gondomar,Porto_Gondomar
4515,Porto,Gondomar,Porto_Gondomar
4420,Porto,Gondomar,Porto_Gondomar
4424,Porto,Gondomar,Porto_Gondomar
4624,Porto,Lousada,Porto_Lousada
4650,Porto,Lousada,Porto_Lousada
4425,Porto,Maia,Porto_Maia
4475,Porto,Maia,Porto_Maia
4470,Porto,Maia,Porto_Maia
4477,Porto,Maia,Porto_Maia
4479,Porto,Maia,Porto_Maia
4471,Porto,Maia,Porto_Maia
4474,Porto,Maia,Porto_Maia
4575,Porto,Marco de Canaveses,Porto_Marco de Canaveses
4625,Porto,Marco de Canaveses,Porto_Marco de Canaveses
4630,Porto,Marco de Canaveses,Porto_Marco de Canaveses
4635,Porto,Marco de Canaveses,Porto_Marco de Canaveses
4634,Porto,Marco de Canaveses,Porto_Marco de Canaveses
4460,Porto,Matosinhos,Porto_Matosinhos
4465,Porto,Matosinhos,Porto_Matosinhos
4455,Porto,Matosinhos,Porto_Matosinhos
4450,Porto,Matosinhos,Porto_Matosinhos
4454,Porto,Matosinhos,Porto_Matosinhos
4459,Porto,Matosinhos,Porto_Matosinhos
4458,Porto,Matosinhos,Porto_Matosinhos
4464,Porto,Matosinhos,Porto_Matosinhos
4595,Porto,Paços de Ferreira,Porto_Paços de Ferreira
4590,Porto,Paços de Ferreira,Porto_Paços de Ferreira
4594,Porto,Paços de Ferreira,Porto_Paços de Ferreira
4599,Porto,Paços de Ferreira,Porto_Paços de Ferreira
4585,Porto,Paredes,Porto_Paredes
4580,Porto,Paredes,Porto_Paredes
4560,Porto,Penafiel,Porto_Penafiel
4575,Porto,Penafiel,Porto_Penafiel
4564,Porto,Penafiel,Porto_Penafiel
4100,Porto,Porto,Porto_Porto
4150,Porto,Porto,Porto_Porto
4149,Porto,Porto,Porto_Porto
4099,Porto,Porto,Porto_Porto
4050,Porto,Porto,Porto_Porto
4350,Porto,Porto,Porto_Porto
4200,Porto,Porto,Porto_Porto
4250,Porto,Porto,Porto_Porto
4300,Porto,Porto,Porto_Porto
4349,Porto,Porto,Porto_Porto
4000,Porto,Porto,Porto_Porto
4049,Porto,Porto,Porto_Porto
4249,Porto,Porto,Porto_Porto
4369,Porto,Porto,Porto_Porto
4269,Porto,Porto,Porto_Porto
4169,Porto,Porto,Porto_Porto
4199,Porto,Porto,Porto_Porto
4495,Porto,Póvoa de Varzim,Porto_Póvoa de Varzim
4490,Porto,Póvoa de Varzim,Porto_Póvoa de Varzim
4570,Porto,Póvoa de Varzim,Porto_Póvoa de Varzim
4825,Porto,Santo Tirso,Porto_Santo Tirso
4780,Porto,Santo Tirso,Porto_Santo Tirso
4795,Porto,Santo Tirso,Porto_Santo Tirso
4745,Porto,Trofa,Porto_Trofa
4785,Porto,Trofa,Porto_Trofa
4445,Porto,Valongo,Porto_Valongo
4440,Porto,Valongo,Porto_Valongo
4480,Porto,Vila do Conde,Porto_Vila do Conde
4485,Porto,Vila do Conde,Porto_Vila do Conde
4486,Porto,Vila do Conde,Porto_Vila do Conde
4484,Porto,Vila do Conde,Porto_Vila do Conde
4410,Porto,Vila Nova de Gaia,Porto_Vila Nova de Gaia
4405,Porto,Vila Nova de Gaia,Porto_Vila Nova de Gaia
4430,Porto,Vila Nova de Gaia,Porto_Vila Nova de Gaia
4434,Porto,Vila Nova de Gaia,Porto_Vila Nova de Gaia
4414,Porto,Vila Nova de Gaia,Porto_Vila Nova de Gaia
4400,Porto,Vila Nova de Gaia,Porto_Vila Nova de Gaia
4415,Porto,Vila Nova de Gaia,Porto_Vila Nova de Gaia
4409,Porto,Vila Nova de Gaia,Porto_Vila Nova de Gaia
4404,Porto,Vila Nova de Gaia,Porto_Vila Nova de Gaia
2200,Santarém,Abrantes,Santarém_Abrantes
2205,Santarém,Abrantes,Santarém_Abrantes
2230,Santarém,Abrantes,Santarém_Abrantes
2380,Santarém,Alcanena,Santarém_Alcanena
2384,Santarém,Alcanena,Santarém_Alcanena
2395,Santarém,Alcanena,Santarém_Alcanena
2080,Santarém,Almeirim,Santarém_Almeirim
2090,Santarém,Alpiarça,Santarém_Alpiarça
2130,Santarém,Benavente,Santarém_Benavente
2135,Santarém,Benavente,Santarém_Benavente
2890,Santarém,Benavente,Santarém_Benavente
2139,Santarém,Benavente,Santarém_Benavente
2070,Santarém,Cartaxo,Santarém_Cartaxo
2140,Santarém,Chamusca,Santarém_Chamusca
2250,Santarém,Constância,Santarém_Constância
2100,Santarém,Coruche,Santarém_Coruche
2330,Santarém,Entroncamento,Santarém_Entroncamento
2334,Santarém,Entroncamento,Santarém_Entroncamento
2240,Santarém,Ferreira do Zêzere,Santarém_Ferreira do Zêzere
2150,Santarém,Golegã,Santarém_Golegã
2154,Santarém,Golegã,Santarém_Golegã
6120,Santarém,Mação,Santarém_Mação
2490,Santarém,Ourém,Santarém_Ourém
2435,Santarém,Ourém,Santarém_Ourém
2495,Santarém,Ourém,Santarém_Ourém
2040,Santarém,Rio Maior,Santarém_Rio Maior
2120,Santarém,Salvaterra de Magos,Santarém_Salvaterra de Magos
2125,Santarém,Salvaterra de Magos,Santarém_Salvaterra de Magos
2124,Santarém,Salvaterra de Magos,Santarém_Salvaterra de Magos
2005,Santarém,Santarém,Santarém_Santarém
2025,Santarém,Santarém,Santarém_Santarém
2000,Santarém,Santarém,Santarém_Santarém
2004,Santarém,Santarém,Santarém_Santarém
2009,Santarém,Santarém,Santarém_Santarém
2230,Santarém,Sardoal,Santarém_Sardoal
2305,Santarém,Tomar,Santarém_Tomar
2300,Santarém,Tomar,Santarém_Tomar
2350,Santarém,Torres Novas,Santarém_Torres Novas
2260,Santarém,Vila Nova da Barquinha,Santarém_Vila Nova da Barquinha
7580,Setúbal,Alcácer do Sal,Setúbal_Alcácer do Sal
7595,Setúbal,Alcácer do Sal,Setúbal_Alcácer do Sal
2890,Setúbal,Alcochete,Setúbal_Alcochete
2894,Setúbal,Alcochete,Setúbal_Alcochete
2800,Setúbal,Almada,Setúbal_Almada
2804,Setúbal,Almada,Setúbal_Almada
2805,Setúbal,Almada,Setúbal_Almada
2809,Setúbal,Almada,Setúbal_Almada
2825,Setúbal,Almada,Setúbal_Almada
2829,Setúbal,Almada,Setúbal_Almada
2820,Setúbal,Almada,Setúbal_Almada
2821,Setúbal,Almada,Setúbal_Almada
2810,Setúbal,Almada,Setúbal_Almada
2814,Setúbal,Almada,Setúbal_Almada
2815,Setúbal,Almada,Setúbal_Almada
2819,Setúbal,Almada,Setúbal_Almada
2834,Setúbal,Barreiro,Setúbal_Barreiro
2830,Setúbal,Barreiro,Setúbal_Barreiro
2835,Setúbal,Barreiro,Setúbal_Barreiro
2839,Setúbal,Barreiro,Setúbal_Barreiro
7570,Setúbal,Grândola,Setúbal_Grândola
2860,Setúbal,Moita,Setúbal_Moita
2835,Setúbal,Moita,Setúbal_Moita
2864,Setúbal,Moita,Setúbal_Moita
2870,Setúbal,Montijo,Setúbal_Montijo
2985,Setúbal,Montijo,Setúbal_Montijo
2100,Setúbal,Montijo,Setúbal_Montijo
2965,Setúbal,Palmela,Setúbal_Palmela
2950,Setúbal,Palmela,Setúbal_Palmela
2954,Setúbal,Palmela,Setúbal_Palmela
2955,Setúbal,Palmela,Setúbal_Palmela
2951,Setúbal,Palmela,Setúbal_Palmela
2959,Setúbal,Palmela,Setúbal_Palmela
7540,Setúbal,Santiago do Cacém,Setúbal_Santiago do Cacém
7565,Setúbal,Santiago do Cacém,Setúbal_Santiago do Cacém
7555,Setúbal,Santiago do Cacém,Setúbal_Santiago do Cacém
7500,Setúbal,Santiago do Cacém,Setúbal_Santiago do Cacém
2840,Setúbal,Seixal,Setúbal_Seixal
2865,Setúbal,Seixal,Setúbal_Seixal
2845,Setúbal,Seixal,Setúbal_Seixal
2848,Setúbal,Seixal,Setúbal_Seixal
2844,Setúbal,Seixal,Setúbal_Seixal
2855,Setúbal,Seixal,Setúbal_Seixal
2975,Setúbal,Sesimbra,Setúbal_Sesimbra
2970,Setúbal,Sesimbra,Setúbal_Sesimbra
2910,Setúbal,Setúbal,Setúbal_Setúbal
2914,Setúbal,Setúbal,Setúbal_Setúbal
2925,Setúbal,Setúbal,Setúbal_Setúbal
2929,Setúbal,Setúbal,Setúbal_Setúbal
2900,Setúbal,Setúbal,Setúbal_Setúbal
2904,Setúbal,Setúbal,Setúbal_Setúbal
7520,Setúbal,Sines,Setúbal_Sines
7555,Setúbal,Sines,Setúbal_Sines
4970,Viana do Castelo,Arcos de Valdevez,Viana do Castelo_Arcos de Valdevez
4974,Viana do Castelo,Arcos de Valdevez,Viana do Castelo_Arcos de Valdevez
4910,Viana do Castelo,Caminha,Viana do Castelo_Caminha
4914,Viana do Castelo,Caminha,Viana do Castelo_Caminha
4960,Viana do Castelo,Melgaço,Viana do Castelo_Melgaço
4964,Viana do Castelo,Melgaço,Viana do Castelo_Melgaço
4950,Viana do Castelo,Monção,Viana do Castelo_Monção
4940,Viana do Castelo,Paredes de Coura,Viana do Castelo_Paredes de Coura
4944,Viana do Castelo,Paredes de Coura,Viana do Castelo_Paredes de Coura
4980,Viana do Castelo,Ponte da Barca,Viana do Castelo_Ponte da Barca
4990,Viana do Castelo,Ponte de Lima,Viana do Castelo_Ponte de Lima
4924,Viana do Castelo,Vila Nova de Cerveira,Viana do Castelo_Vila Nova de Cerveira
4930,Viana do Castelo,Valença,Viana do Castelo_Valença
4900,Viana do Castelo,Viana do Castelo,Viana do Castelo_Viana do Castelo
4905,Viana do Castelo,Viana do Castelo,Viana do Castelo_Viana do Castelo
4925,Viana do Castelo,Viana do Castelo,Viana do Castelo_Viana do Castelo
4935,Viana do Castelo,Viana do Castelo,Viana do Castelo_Viana do Castelo
4939,Viana do Castelo,Viana do Castelo,Viana do Castelo_Viana do Castelo
4904,Viana do Castelo,Viana do Castelo,Viana do Castelo_Viana do Castelo
4920,Viana do Castelo,Vila Nova de Cerveira,Viana do Castelo_Vila Nova de Cerveira
5070,Vila Real,Alijó,Vila Real_Alijó
5085,Vila Real,Alijó,Vila Real_Alijó
5460,Vila Real,Boticas,Vila Real_Boticas
5400,Vila Real,Chaves,Vila Real_Chaves
5425,Vila Real,Chaves,Vila Real_Chaves
5040,Vila Real,Mesão Frio,Vila Real_Mesão Frio
4880,Vila Real,Mondim de Basto,Vila Real_Mondim de Basto
5470,Vila Real,Montalegre,Vila Real_Montalegre
5090,Vila Real,Murça,Vila Real_Murça
5050,Vila Real,Peso da Régua,Vila Real_Peso da Régua
5054,Vila Real,Peso da Régua,Vila Real_Peso da Régua
5040,Vila Real,Peso da Régua,Vila Real_Peso da Régua
4870,Vila Real,Ribeira de Pena,Vila Real_Ribeira de Pena
5060,Vila Real,Sabrosa,Vila Real_Sabrosa
5085,Vila Real,Sabrosa,Vila Real_Sabrosa
5030,Vila Real,Santa Marta de Penaguião,Vila Real_Santa Marta de Penaguião
5430,Vila Real,Valpaços,Vila Real_Valpaços
5445,Vila Real,Valpaços,Vila Real_Valpaços
5450,Vila Real,Vila Pouca de Aguiar,Vila Real_Vila Pouca de Aguiar
5000,Vila Real,Vila Real,Vila Real_Vila Real
5004,Vila Real,Vila Real,Vila Real_Vila Real
5110,Viseu,Armamar,Viseu_Armamar
5114,Viseu,Armamar,Viseu_Armamar
3430,Viseu,Carregal do Sal,Viseu_Carregal do Sal
3600,Viseu,Castro Daire,Viseu_Castro Daire
4690,Viseu,Cinfães,Viseu_Cinfães
5100,Viseu,Lamego,Viseu_Lamego
3530,Viseu,Mangualde,Viseu_Mangualde
3534,Viseu,Mangualde,Viseu_Mangualde
3620,Viseu,Moimenta da Beira,Viseu_Moimenta da Beira
3624,Viseu,Moimenta da Beira,Viseu_Moimenta da Beira
3450,Viseu,Mortágua,Viseu_Mortágua
3525,Viseu,Nelas,Viseu_Nelas
3520,Viseu,Nelas,Viseu_Nelas
3475,Viseu,Oliveira de Frades,Viseu_Oliveira de Frades
3680,Viseu,Oliveira de Frades,Viseu_Oliveira de Frades
3550,Viseu,Penalva do Castelo,Viseu_Penalva do Castelo
3630,Viseu,Penedono,Viseu_Penedono
4660,Viseu,Resende,Viseu_Resende
4664,Viseu,Resende,Viseu_Resende
3440,Viseu,Santa Comba Dão,Viseu_Santa Comba Dão
5130,Viseu,São João da Pesqueira,Viseu_São João da Pesqueira
3660,Viseu,São Pedro do Sul,Viseu_São Pedro do Sul
3560,Viseu,Sátão,Viseu_Sátão
3650,Viseu,Sátão,Viseu_Sátão
3640,Viseu,Sernancelhe,Viseu_Sernancelhe
3620,Viseu,Sernancelhe,Viseu_Sernancelhe
5120,Viseu,Tabuaço,Viseu_Tabuaço
3610,Viseu,Tarouca,Viseu_Tarouca
3465,Viseu,Tondela,Viseu_Tondela
3460,Viseu,Tondela,Viseu_Tondela
3475,Viseu,Tondela,Viseu_Tondela
3464,Viseu,Tondela,Viseu_Tondela
3650,Viseu,Vila Nova de Paiva,Viseu_Vila Nova de Paiva
3654,Viseu,Vila Nova de Paiva,Viseu_Vila Nova de Paiva
3515,Viseu,Viseu,Viseu_Viseu
3519,Viseu,Viseu,Viseu_Viseu
3510,Viseu,Viseu,Viseu_Viseu
3503,Viseu,Viseu,Viseu_Viseu
3505,Viseu,Viseu,Viseu_Viseu
3500,Viseu,Viseu,Viseu_Viseu
3504,Viseu,Viseu,Viseu_Viseu
3514,Viseu,Viseu,Viseu_Viseu
3670,Viseu,Vouzela,Viseu_Vouzela
